{"labels": [0, 0], "scores": [0.9987862706184387, 0.9909723997116089], "bboxes": [[292.4065856933594, 142.48300170898438, 632.7086791992188, 323.783935546875], [219.8770294189453, 209.29159545898438, 463.1863708496094, 362.5743408203125]]}