{"labels": [0, 0, 0, 0, 0], "scores": [0.5132321715354919, 0.26716914772987366, 0.14272263646125793, 0.06655075401067734, 0.05721351504325867], "bboxes": [[50.908626556396484, 405.2606201171875, 270.95367431640625, 536.0270385742188], [558.2125854492188, 430.3290710449219, 774.4841918945312, 532.9923706054688], [50.51553726196289, 434.7666320800781, 368.6626281738281, 567.470703125], [182.0233612060547, 309.6222229003906, 401.1272277832031, 401.5472717285156], [475.238525390625, 294.3773193359375, 696.1373901367188, 356.05938720703125]]}