{"labels": [0, 0], "scores": [0.9957537651062012, 0.9951052665710449], "bboxes": [[291.0489807128906, 139.52789306640625, 644.9358520507812, 331.95172119140625], [222.09165954589844, 209.29550170898438, 469.4291076660156, 372.9931640625]]}