{"labels": [0, 0], "scores": [0.995516836643219, 0.9807363748550415], "bboxes": [[201.96310424804688, 244.48338317871094, 465.4178771972656, 401.8853759765625], [256.3954772949219, 154.0572967529297, 580.4536743164062, 329.75396728515625]]}