{"labels": [0, 0, 0, 0], "scores": [0.7510730028152466, 0.08213339745998383, 0.08090053498744965, 0.05896861106157303], "bboxes": [[84.63602447509766, 352.64166259765625, 383.4310302734375, 498.38409423828125], [531.3309326171875, 375.6446228027344, 752.3760986328125, 468.9114074707031], [92.37995147705078, 462.69183349609375, 258.0817565917969, 565.86572265625], [340.26904296875, 287.45269775390625, 683.865234375, 366.9656066894531]]}