{"labels": [0, 0], "scores": [0.9852386713027954, 0.9850879311561584], "bboxes": [[254.5214080810547, 175.7871856689453, 590.9971923828125, 335.1058349609375], [182.38291931152344, 252.1952362060547, 468.45770263671875, 403.2690124511719]]}