{"labels": [0, 0], "scores": [0.9979864358901978, 0.9952701926231384], "bboxes": [[292.4731140136719, 144.1822967529297, 638.0796508789062, 325.65264892578125], [224.1813507080078, 209.6697235107422, 463.52105712890625, 367.16546630859375]]}