{"labels": [0, 0], "scores": [0.9977759718894958, 0.996263325214386], "bboxes": [[285.1217041015625, 135.06533813476562, 643.6553955078125, 337.6696472167969], [219.98487854003906, 210.41574096679688, 473.376708984375, 372.12347412109375]]}