{"labels": [0, 0, 0, 0, 0], "scores": [0.9703484773635864, 0.9412865042686462, 0.35142871737480164, 0.3462337851524353, 0.15305130183696747], "bboxes": [[82.84880828857422, 375.9834899902344, 302.7242736816406, 489.11407470703125], [155.235107421875, 283.7597351074219, 442.39385986328125, 411.74749755859375], [121.90998077392578, 391.3926086425781, 353.2237854003906, 532.3291625976562], [323.1739196777344, 148.11280822753906, 548.3518676757812, 250.85069274902344], [265.7492980957031, 234.34341430664062, 433.5343933105469, 281.09552001953125]]}