{"labels": [0, 0, 0, 0, 0], "scores": [0.981566309928894, 0.9594700336456299, 0.6131377816200256, 0.42203083634376526, 0.4087223708629608], "bboxes": [[92.79117584228516, 372.80743408203125, 293.7937927246094, 481.649658203125], [166.3127899169922, 282.4517517089844, 465.38232421875, 418.5903625488281], [321.98291015625, 155.11544799804688, 510.3148498535156, 206.57830810546875], [88.4871826171875, 359.0594482421875, 359.8073425292969, 533.5900268554688], [335.0154113769531, 150.884521484375, 551.5150756835938, 237.72421264648438]]}