{"labels": [0, 0], "scores": [0.9933459758758545, 0.9869738817214966], "bboxes": [[288.4410705566406, 138.09413146972656, 640.6122436523438, 332.5207214355469], [220.58934020996094, 211.8086700439453, 464.5829162597656, 368.4723815917969]]}